Datetime (Local Standard),Station ID,Station Name,Timezone,Datetime (UTC),Temp (deg C),Dew Point Temp (deg C),Rel Hum (%),Wind Dir (deg),Wind Spd (km/h),Visibility (km),Pressure (kPa),Hmdx,Wind Chill,Conditions
2018-05-21 17:00:00,YYC,CALGARY INTL A,MST,2018-05-22 00:00:00,23.0,2.3,25.0,100.0,13.0,48.3,88.74,,,Mainly Clear
2018-05-21 18:00:00,YYC,CALGARY INTL A,MST,2018-05-22 01:00:00,22.7,3.2,27.0,100.0,10.0,48.3,88.75,,,Mainly Clear
2018-05-21 19:00:00,YYC,CALGARY INTL A,MST,2018-05-22 02:00:00,19.5,5.2,39.0,80.0,10.0,64.4,88.76,,,Mainly Clear
2018-05-21 20:00:00,YYC,CALGARY INTL A,MST,2018-05-22 03:00:00,18.6,4.8,40.0,70.0,12.0,48.3,88.8,,,Mainly Clear
2018-05-21 21:00:00,YYC,CALGARY INTL A,MST,2018-05-22 04:00:00,18.4,4.1,39.0,150.0,16.0,48.3,88.86,,,Mainly Clear
2018-05-21 22:00:00,YYC,CALGARY INTL A,MST,2018-05-22 05:00:00,15.9,4.2,45.0,90.0,11.0,24.1,88.9,,,Mainly Clear
2018-05-21 23:00:00,YYC,CALGARY INTL A,MST,2018-05-22 06:00:00,16.3,4.0,44.0,40.0,5.0,24.1,88.93,,,Clear
2018-05-22 00:00:00,YYC,CALGARY INTL A,MST,2018-05-22 07:00:00,13.6,4.9,55.0,340.0,7.0,24.1,88.96,,,Clear
2018-05-22 01:00:00,YYC,CALGARY INTL A,MST,2018-05-22 08:00:00,14.8,4.7,50.0,300.0,3.0,24.1,88.99,,,Clear
2018-05-22 02:00:00,YYC,CALGARY INTL A,MST,2018-05-22 09:00:00,11.4,5.1,65.0,30.0,7.0,24.1,89.01,,,Mostly Cloudy
2018-05-22 03:00:00,YYC,CALGARY INTL A,MST,2018-05-22 10:00:00,11.0,5.2,67.0,330.0,4.0,24.1,89.02,,,Mostly Cloudy
2018-05-22 04:00:00,YYC,CALGARY INTL A,MST,2018-05-22 11:00:00,10.6,5.2,69.0,10.0,7.0,24.1,89.06,,,Mostly Cloudy
2018-05-22 05:00:00,YYC,CALGARY INTL A,MST,2018-05-22 12:00:00,10.1,5.1,71.0,350.0,7.0,48.3,89.09,,,Mostly Cloudy
2018-05-22 06:00:00,YYC,CALGARY INTL A,MST,2018-05-22 13:00:00,11.5,5.2,65.0,340.0,10.0,48.3,89.12,,,Mostly Cloudy
2018-05-22 07:00:00,YYC,CALGARY INTL A,MST,2018-05-22 14:00:00,12.9,5.4,60.0,220.0,6.0,64.4,89.15,,,Mostly Cloudy
2018-05-22 08:00:00,YYC,CALGARY INTL A,MST,2018-05-22 15:00:00,17.0,6.1,48.0,230.0,6.0,64.4,89.17,,,Mainly Clear
2018-05-22 09:00:00,YYC,CALGARY INTL A,MST,2018-05-22 16:00:00,19.5,6.1,41.0,200.0,9.0,64.4,89.15,,,Mainly Clear
2018-05-22 10:00:00,YYC,CALGARY INTL A,MST,2018-05-22 17:00:00,20.9,5.4,36.0,200.0,10.0,64.4,89.15,,,Mainly Clear
2018-05-22 11:00:00,YYC,CALGARY INTL A,MST,2018-05-22 18:00:00,22.2,6.1,35.0,180.0,18.0,64.4,89.14,,,Mainly Clear
2018-05-22 12:00:00,YYC,CALGARY INTL A,MST,2018-05-22 19:00:00,23.2,5.1,31.0,180.0,18.0,64.4,89.1,,,Mainly Clear
2018-05-22 13:00:00,YYC,CALGARY INTL A,MST,2018-05-22 20:00:00,24.3,4.2,27.0,150.0,20.0,48.3,89.04,,,Mainly Clear
2018-05-22 14:00:00,YYC,CALGARY INTL A,MST,2018-05-22 21:00:00,25.0,4.2,26.0,180.0,9.0,48.3,89.0,,,Mainly Clear
2018-05-22 15:00:00,YYC,CALGARY INTL A,MST,2018-05-22 22:00:00,25.5,4.4,25.0,140.0,16.0,48.3,88.96,25.0,,Mainly Clear
2018-05-22 16:00:00,YYC,CALGARY INTL A,MST,2018-05-22 23:00:00,25.4,2.8,23.0,120.0,21.0,48.3,88.93,,,Mainly Clear
2018-05-21 20:00:00,YYG,CHARLOTTETOWN A,AST,2018-05-22 00:00:00,8.2,0.0,56.0,360.0,16.0,24.1,100.98,,,Mainly Clear
2018-05-21 21:00:00,YYG,CHARLOTTETOWN A,AST,2018-05-22 01:00:00,5.4,0.8,72.0,10.0,8.0,24.1,101.12,,,Mainly Clear
2018-05-21 22:00:00,YYG,CHARLOTTETOWN A,AST,2018-05-22 02:00:00,4.3,0.6,77.0,120.0,4.0,24.1,101.21,,,Mainly Clear
2018-05-21 23:00:00,YYG,CHARLOTTETOWN A,AST,2018-05-22 03:00:00,5.3,0.8,73.0,190.0,3.0,24.1,101.29,,,Clear
2018-05-22 00:00:00,YYG,CHARLOTTETOWN A,AST,2018-05-22 04:00:00,1.5,-0.4,87.0,180.0,5.0,24.1,101.28,,,Clear
2018-05-22 01:00:00,YYG,CHARLOTTETOWN A,AST,2018-05-22 05:00:00,1.6,-0.3,87.0,360.0,3.0,24.1,101.29,,,Clear
2018-05-22 02:00:00,YYG,CHARLOTTETOWN A,AST,2018-05-22 06:00:00,4.3,0.6,77.0,240.0,9.0,24.1,101.36,,,Clear
2018-05-22 03:00:00,YYG,CHARLOTTETOWN A,AST,2018-05-22 07:00:00,1.5,0.6,94.0,250.0,3.0,24.1,101.41,,,Clear
2018-05-22 04:00:00,YYG,CHARLOTTETOWN A,AST,2018-05-22 08:00:00,-1.4,-2.0,95.0,350.0,5.0,24.1,101.48,,-3.0,Clear
2018-05-22 05:00:00,YYG,CHARLOTTETOWN A,AST,2018-05-22 09:00:00,0.2,-0.5,96.0,360.0,2.0,24.1,101.58,,,Clear
2018-05-22 06:00:00,YYG,CHARLOTTETOWN A,AST,2018-05-22 10:00:00,3.1,1.5,89.0,360.0,1.0,24.1,101.64,,,Clear
2018-05-22 07:00:00,YYG,CHARLOTTETOWN A,AST,2018-05-22 11:00:00,7.1,-1.7,54.0,110.0,7.0,24.1,101.7,,,Clear
2018-05-22 08:00:00,YYG,CHARLOTTETOWN A,AST,2018-05-22 12:00:00,8.3,-2.9,45.0,130.0,3.0,24.1,101.73,,,Mainly Clear
2018-05-22 09:00:00,YYG,CHARLOTTETOWN A,AST,2018-05-22 13:00:00,10.0,0.3,51.0,140.0,12.0,24.1,101.7,,,Mainly Clear
2018-05-22 10:00:00,YYG,CHARLOTTETOWN A,AST,2018-05-22 14:00:00,11.0,1.2,51.0,190.0,8.0,24.1,101.68,,,Mainly Clear
2018-05-22 11:00:00,YYG,CHARLOTTETOWN A,AST,2018-05-22 15:00:00,11.5,0.8,47.0,210.0,18.0,24.1,101.64,,,Mostly Cloudy
2018-05-22 12:00:00,YYG,CHARLOTTETOWN A,AST,2018-05-22 16:00:00,13.3,1.4,44.0,200.0,19.0,24.1,101.56,,,Mostly Cloudy
2018-05-22 13:00:00,YYG,CHARLOTTETOWN A,AST,2018-05-22 17:00:00,14.8,-3.5,28.0,190.0,20.0,24.1,101.44,,,Mostly Cloudy
2018-05-22 14:00:00,YYG,CHARLOTTETOWN A,AST,2018-05-22 18:00:00,15.8,-2.0,29.0,190.0,22.0,24.1,101.31,,,Mostly Cloudy
2018-05-22 15:00:00,YYG,CHARLOTTETOWN A,AST,2018-05-22 19:00:00,15.9,-1.8,30.0,190.0,21.0,24.1,101.24,,,Mostly Cloudy
2018-05-22 16:00:00,YYG,CHARLOTTETOWN A,AST,2018-05-22 20:00:00,16.0,-0.2,33.0,190.0,26.0,24.1,101.1,,,Mostly Cloudy
2018-05-22 17:00:00,YYG,CHARLOTTETOWN A,AST,2018-05-22 21:00:00,17.7,3.7,39.0,200.0,26.0,24.1,101.03,,,Mostly Cloudy
2018-05-22 18:00:00,YYG,CHARLOTTETOWN A,AST,2018-05-22 22:00:00,16.7,3.0,39.0,190.0,32.0,24.1,100.99,,,Mostly Cloudy
2018-05-22 19:00:00,YYG,CHARLOTTETOWN A,AST,2018-05-22 23:00:00,15.2,1.4,39.0,200.0,27.0,24.1,100.97,,,Mostly Cloudy
2018-05-21 17:00:00,YEG,EDMONTON INTL A,MST,2018-05-22 00:00:00,24.1,6.1,31.0,320.0,19.0,24.1,92.69,,,Mostly Cloudy
2018-05-21 18:00:00,YEG,EDMONTON INTL A,MST,2018-05-22 01:00:00,23.7,5.7,31.0,320.0,15.0,24.1,92.69,,,Mostly Cloudy
2018-05-21 19:00:00,YEG,EDMONTON INTL A,MST,2018-05-22 02:00:00,22.9,5.0,31.0,310.0,14.0,24.1,92.7,,,Mostly Cloudy
2018-05-21 20:00:00,YEG,EDMONTON INTL A,MST,2018-05-22 03:00:00,21.2,5.3,35.0,330.0,13.0,24.1,92.76,,,Mainly Clear
2018-05-21 21:00:00,YEG,EDMONTON INTL A,MST,2018-05-22 04:00:00,17.4,5.5,45.0,360.0,9.0,24.1,92.78,,,Mainly Clear
2018-05-21 22:00:00,YEG,EDMONTON INTL A,MST,2018-05-22 05:00:00,16.0,5.6,50.0,20.0,6.0,24.1,92.8,,,Mainly Clear
2018-05-21 23:00:00,YEG,EDMONTON INTL A,MST,2018-05-22 06:00:00,11.6,5.4,65.0,200.0,5.0,24.1,92.83,,,Mainly Clear
2018-05-22 00:00:00,YEG,EDMONTON INTL A,MST,2018-05-22 07:00:00,10.6,4.7,67.0,210.0,9.0,24.1,92.86,,,Mainly Clear
2018-05-22 01:00:00,YEG,EDMONTON INTL A,MST,2018-05-22 08:00:00,8.0,3.9,76.0,140.0,6.0,24.1,92.91,,,Mainly Clear
2018-05-22 02:00:00,YEG,EDMONTON INTL A,MST,2018-05-22 09:00:00,7.4,3.7,77.0,200.0,4.0,24.1,92.97,,,Clear
2018-05-22 03:00:00,YEG,EDMONTON INTL A,MST,2018-05-22 10:00:00,5.2,2.9,85.0,190.0,6.0,24.1,92.99,,,Clear
2018-05-22 04:00:00,YEG,EDMONTON INTL A,MST,2018-05-22 11:00:00,5.5,3.2,85.0,180.0,7.0,24.1,93.04,,,Clear
2018-05-22 05:00:00,YEG,EDMONTON INTL A,MST,2018-05-22 12:00:00,5.7,3.1,84.0,180.0,7.0,24.1,93.06,,,Clear
2018-05-22 06:00:00,YEG,EDMONTON INTL A,MST,2018-05-22 13:00:00,9.8,5.7,75.0,170.0,4.0,24.1,93.09,,,Clear
2018-05-22 07:00:00,YEG,EDMONTON INTL A,MST,2018-05-22 14:00:00,14.6,7.5,62.0,260.0,8.0,24.1,93.12,,,Clear
2018-05-22 08:00:00,YEG,EDMONTON INTL A,MST,2018-05-22 15:00:00,18.5,7.8,49.0,360.0,2.0,24.1,93.13,,,Clear
2018-05-22 09:00:00,YEG,EDMONTON INTL A,MST,2018-05-22 16:00:00,21.4,7.4,40.0,360.0,3.0,24.1,93.13,,,Clear
2018-05-22 10:00:00,YEG,EDMONTON INTL A,MST,2018-05-22 17:00:00,23.1,7.0,35.0,40.0,6.0,24.1,93.13,,,Clear
2018-05-22 11:00:00,YEG,EDMONTON INTL A,MST,2018-05-22 18:00:00,24.4,6.0,30.0,120.0,8.0,24.1,93.11,,,Clear
2018-05-22 12:00:00,YEG,EDMONTON INTL A,MST,2018-05-22 19:00:00,24.5,4.3,27.0,360.0,2.0,24.1,93.09,,,Clear
2018-05-22 13:00:00,YEG,EDMONTON INTL A,MST,2018-05-22 20:00:00,24.8,3.7,25.0,70.0,10.0,24.1,93.04,,,Clear
2018-05-22 14:00:00,YEG,EDMONTON INTL A,MST,2018-05-22 21:00:00,27.0,4.3,23.0,100.0,16.0,24.1,92.99,26.0,,Mainly Clear
2018-05-22 15:00:00,YEG,EDMONTON INTL A,MST,2018-05-22 22:00:00,26.7,3.5,22.0,100.0,4.0,24.1,92.97,26.0,,Mainly Clear
2018-05-22 16:00:00,YEG,EDMONTON INTL A,MST,2018-05-22 23:00:00,27.3,3.6,21.0,100.0,11.0,24.1,92.94,26.0,,Mainly Clear
2018-05-21 20:00:00,YFC,FREDERICTON,AST,2018-05-22 00:00:00,15.5,-1.9,30.0,350.0,15.0,16.1,101.36,,,Rain
2018-05-21 21:00:00,YFC,FREDERICTON,AST,2018-05-22 01:00:00,13.6,-4.1,29.0,340.0,13.0,16.1,101.52,,,Rain
2018-05-21 22:00:00,YFC,FREDERICTON,AST,2018-05-22 02:00:00,12.0,-4.1,32.0,340.0,13.0,16.1,101.61,,,Rain
2018-05-21 23:00:00,YFC,FREDERICTON,AST,2018-05-22 03:00:00,11.0,-5.1,32.0,320.0,4.0,16.1,101.67,,,Rain
2018-05-22 00:00:00,YFC,FREDERICTON,AST,2018-05-22 04:00:00,6.2,-0.1,64.0,210.0,5.0,16.1,101.7,,,Rain
2018-05-22 01:00:00,YFC,FREDERICTON,AST,2018-05-22 05:00:00,4.8,-0.5,68.0,,0.0,16.1,101.73,,,Rain
2018-05-22 02:00:00,YFC,FREDERICTON,AST,2018-05-22 06:00:00,3.1,0.1,81.0,320.0,5.0,16.1,101.77,,,Rain
2018-05-22 03:00:00,YFC,FREDERICTON,AST,2018-05-22 07:00:00,2.6,0.0,83.0,330.0,5.0,16.1,101.83,,,Rain
2018-05-22 04:00:00,YFC,FREDERICTON,AST,2018-05-22 08:00:00,1.8,-0.1,87.0,,4.0,16.1,101.9,,,Rain
2018-05-22 05:00:00,YFC,FREDERICTON,AST,2018-05-22 09:00:00,0.7,0.1,96.0,240.0,5.0,16.1,101.95,,,Rain
2018-05-22 06:00:00,YFC,FREDERICTON,AST,2018-05-22 10:00:00,3.7,2.0,89.0,,4.0,16.1,101.99,,,Rain
2018-05-22 07:00:00,YFC,FREDERICTON,AST,2018-05-22 11:00:00,7.2,1.8,69.0,,0.0,16.1,102.0,,,Rain
2018-05-22 08:00:00,YFC,FREDERICTON,AST,2018-05-22 12:00:00,10.0,1.9,57.0,,4.0,16.1,101.99,,,Rain
2018-05-22 09:00:00,YFC,FREDERICTON,AST,2018-05-22 13:00:00,13.5,0.5,41.0,170.0,9.0,16.1,101.95,,,Rain
2018-05-22 10:00:00,YFC,FREDERICTON,AST,2018-05-22 14:00:00,16.9,-1.4,28.0,200.0,18.0,16.1,101.88,,,Rain
2018-05-22 11:00:00,YFC,FREDERICTON,AST,2018-05-22 15:00:00,19.0,0.0,28.0,210.0,21.0,16.1,101.8,,,Rain
2018-05-22 12:00:00,YFC,FREDERICTON,AST,2018-05-22 16:00:00,20.3,1.1,28.0,210.0,22.0,16.1,101.71,,,Rain
2018-05-22 13:00:00,YFC,FREDERICTON,AST,2018-05-22 17:00:00,21.4,0.3,24.0,230.0,35.0,16.1,101.61,,,Rain
2018-05-22 14:00:00,YFC,FREDERICTON,AST,2018-05-22 18:00:00,21.6,2.3,28.0,210.0,26.0,16.1,101.54,,,Rain
2018-05-22 15:00:00,YFC,FREDERICTON,AST,2018-05-22 19:00:00,,,,,,,,,,
2018-05-22 16:00:00,YFC,FREDERICTON,AST,2018-05-22 20:00:00,21.8,2.7,28.0,200.0,32.0,16.1,101.34,,,Rain
2018-05-22 17:00:00,YFC,FREDERICTON,AST,2018-05-22 21:00:00,21.4,2.4,28.0,190.0,35.0,16.1,101.28,,,Rain
2018-05-22 18:00:00,YFC,FREDERICTON,AST,2018-05-22 22:00:00,18.9,1.4,31.0,190.0,26.0,16.1,101.28,,,Rain
2018-05-22 19:00:00,YFC,FREDERICTON,AST,2018-05-22 23:00:00,17.6,2.7,37.0,190.0,22.0,16.1,101.22,,,Rain
2018-05-21 20:00:00,YHZ,HALIFAX INTL A,AST,2018-05-22 00:00:00,17.4,3.0,38.0,260.0,27.0,24.1,99.73,,,Mainly Clear
2018-05-21 21:00:00,YHZ,HALIFAX INTL A,AST,2018-05-22 01:00:00,15.4,3.9,46.0,300.0,14.0,24.1,99.91,,,Mainly Clear
2018-05-21 22:00:00,YHZ,HALIFAX INTL A,AST,2018-05-22 02:00:00,11.7,3.4,57.0,360.0,17.0,24.1,100.09,,,Mainly Clear
2018-05-21 23:00:00,YHZ,HALIFAX INTL A,AST,2018-05-22 03:00:00,9.6,-1.6,46.0,40.0,12.0,24.1,100.16,,,Clear
2018-05-22 00:00:00,YHZ,HALIFAX INTL A,AST,2018-05-22 04:00:00,8.4,-2.9,45.0,30.0,14.0,24.1,100.19,,,Clear
2018-05-22 01:00:00,YHZ,HALIFAX INTL A,AST,2018-05-22 05:00:00,7.9,-3.1,46.0,40.0,16.0,24.1,100.16,,,Clear
2018-05-22 02:00:00,YHZ,HALIFAX INTL A,AST,2018-05-22 06:00:00,8.5,-3.7,42.0,70.0,4.0,24.1,100.24,,,Clear
2018-05-22 03:00:00,YHZ,HALIFAX INTL A,AST,2018-05-22 07:00:00,7.3,-3.8,45.0,10.0,8.0,24.1,100.28,,,Clear
2018-05-22 04:00:00,YHZ,HALIFAX INTL A,AST,2018-05-22 08:00:00,7.7,-4.1,43.0,10.0,7.0,24.1,100.34,,,Clear
2018-05-22 05:00:00,YHZ,HALIFAX INTL A,AST,2018-05-22 09:00:00,6.9,-2.0,53.0,260.0,3.0,24.1,100.43,,,Mainly Clear
2018-05-22 06:00:00,YHZ,HALIFAX INTL A,AST,2018-05-22 10:00:00,7.9,-1.2,53.0,220.0,5.0,24.1,100.52,,,Mainly Clear
2018-05-22 07:00:00,YHZ,HALIFAX INTL A,AST,2018-05-22 11:00:00,10.6,-3.7,36.0,220.0,3.0,24.1,100.59,,,Mainly Clear
2018-05-22 08:00:00,YHZ,HALIFAX INTL A,AST,2018-05-22 12:00:00,12.2,-4.6,31.0,230.0,4.0,24.1,100.58,,,Mostly Cloudy
2018-05-22 09:00:00,YHZ,HALIFAX INTL A,AST,2018-05-22 13:00:00,13.2,-3.2,32.0,200.0,12.0,24.1,100.6,,,Mostly Cloudy
2018-05-22 10:00:00,YHZ,HALIFAX INTL A,AST,2018-05-22 14:00:00,13.8,-1.3,35.0,200.0,7.0,24.1,100.59,,,Mostly Cloudy
2018-05-22 11:00:00,YHZ,HALIFAX INTL A,AST,2018-05-22 15:00:00,15.1,-1.3,32.0,190.0,16.0,24.1,100.57,,,Mostly Cloudy
2018-05-22 12:00:00,YHZ,HALIFAX INTL A,AST,2018-05-22 16:00:00,15.5,-0.2,34.0,200.0,21.0,24.1,100.53,,,Mostly Cloudy
2018-05-22 13:00:00,YHZ,HALIFAX INTL A,AST,2018-05-22 17:00:00,15.7,-2.5,28.0,200.0,23.0,24.1,100.51,,,Mostly Cloudy
2018-05-22 14:00:00,YHZ,HALIFAX INTL A,AST,2018-05-22 18:00:00,15.8,-3.3,27.0,220.0,26.0,24.1,100.46,,,Cloudy
2018-05-22 15:00:00,YHZ,HALIFAX INTL A,AST,2018-05-22 19:00:00,15.3,-3.7,27.0,210.0,31.0,24.1,100.38,,,Cloudy
2018-05-22 16:00:00,YHZ,HALIFAX INTL A,AST,2018-05-22 20:00:00,15.9,-3.9,25.0,200.0,28.0,24.1,100.35,,,Cloudy
2018-05-22 17:00:00,YHZ,HALIFAX INTL A,AST,2018-05-22 21:00:00,15.1,-4.6,25.0,210.0,26.0,24.1,100.29,,,Cloudy
2018-05-22 18:00:00,YHZ,HALIFAX INTL A,AST,2018-05-22 22:00:00,14.0,4.2,51.0,210.0,26.0,24.1,100.22,,,Cloudy
2018-05-22 19:00:00,YHZ,HALIFAX INTL A,AST,2018-05-22 23:00:00,12.8,6.2,64.0,190.0,22.0,24.1,100.16,,,Cloudy
2018-05-21 19:00:00,YFB,IQALUIT A,EST,2018-05-22 00:00:00,-4.6,-9.1,71.0,340.0,29.0,48.3,100.69,,-12.0,Cloudy
2018-05-21 20:00:00,YFB,IQALUIT A,EST,2018-05-22 01:00:00,-5.5,-10.8,67.0,340.0,23.0,48.3,100.72,,-13.0,Cloudy
2018-05-21 21:00:00,YFB,IQALUIT A,EST,2018-05-22 02:00:00,-6.0,-10.7,70.0,330.0,13.0,48.3,100.73,,-11.0,Cloudy
2018-05-21 22:00:00,YFB,IQALUIT A,EST,2018-05-22 03:00:00,-6.1,-9.5,77.0,320.0,14.0,32.2,100.72,,-12.0,Snow
2018-05-21 23:00:00,YFB,IQALUIT A,EST,2018-05-22 04:00:00,-6.2,-9.4,78.0,330.0,17.0,24.1,100.7,,-12.0,Snow
2018-05-22 00:00:00,YFB,IQALUIT A,EST,2018-05-22 05:00:00,-6.3,-9.2,80.0,330.0,19.0,24.1,100.67,,-13.0,Snow
2018-05-22 01:00:00,YFB,IQALUIT A,EST,2018-05-22 06:00:00,-6.4,-9.1,81.0,340.0,20.0,24.1,100.66,,-13.0,Snow
2018-05-22 02:00:00,YFB,IQALUIT A,EST,2018-05-22 07:00:00,-6.6,-9.1,83.0,330.0,16.0,16.1,100.64,,-13.0,Snow
2018-05-22 03:00:00,YFB,IQALUIT A,EST,2018-05-22 08:00:00,-6.6,-9.8,78.0,330.0,25.0,32.2,100.61,,-14.0,Snow
2018-05-22 04:00:00,YFB,IQALUIT A,EST,2018-05-22 09:00:00,-7.0,-10.4,76.0,330.0,23.0,24.1,100.62,,-15.0,Snow
2018-05-22 05:00:00,YFB,IQALUIT A,EST,2018-05-22 10:00:00,-7.1,-10.5,77.0,310.0,22.0,24.1,100.6,,-15.0,Snow
2018-05-22 06:00:00,YFB,IQALUIT A,EST,2018-05-22 11:00:00,-6.9,-11.0,73.0,340.0,26.0,9.7,100.59,,-15.0,"Snow,Blowing Snow"
2018-05-22 07:00:00,YFB,IQALUIT A,EST,2018-05-22 12:00:00,-6.5,-9.9,77.0,320.0,24.0,9.7,100.58,,-14.0,"Snow,Blowing Snow"
2018-05-22 08:00:00,YFB,IQALUIT A,EST,2018-05-22 13:00:00,-6.5,-9.8,78.0,330.0,31.0,9.7,100.56,,-15.0,Snow
2018-05-22 09:00:00,YFB,IQALUIT A,EST,2018-05-22 14:00:00,-6.0,-9.0,80.0,330.0,25.0,6.4,100.52,,-14.0,Snow
2018-05-22 10:00:00,YFB,IQALUIT A,EST,2018-05-22 15:00:00,-5.0,-8.2,78.0,330.0,36.0,9.7,100.46,,-14.0,Snow
2018-05-22 11:00:00,YFB,IQALUIT A,EST,2018-05-22 16:00:00,-4.7,-8.0,78.0,330.0,35.0,9.7,100.43,,-13.0,Snow
2018-05-22 12:00:00,YFB,IQALUIT A,EST,2018-05-22 17:00:00,-3.9,-7.2,78.0,330.0,34.0,16.1,100.4,,-12.0,Snow
2018-05-22 13:00:00,YFB,IQALUIT A,EST,2018-05-22 18:00:00,-2.8,-6.5,76.0,320.0,37.0,19.3,100.37,,-11.0,Mostly Cloudy
2018-05-22 14:00:00,YFB,IQALUIT A,EST,2018-05-22 19:00:00,-3.0,-6.5,77.0,330.0,41.0,19.3,100.35,,-11.0,Mostly Cloudy
2018-05-22 15:00:00,YFB,IQALUIT A,EST,2018-05-22 20:00:00,-3.6,-6.4,81.0,330.0,48.0,24.1,100.34,,-13.0,Snow
2018-05-22 16:00:00,YFB,IQALUIT A,EST,2018-05-22 21:00:00,-3.6,-6.2,83.0,330.0,48.0,24.1,100.33,,-13.0,Mostly Cloudy
2018-05-22 17:00:00,YFB,IQALUIT A,EST,2018-05-22 22:00:00,-3.5,-6.1,82.0,330.0,51.0,32.2,100.34,,-13.0,Mostly Cloudy
2018-05-22 18:00:00,YFB,IQALUIT A,EST,2018-05-22 23:00:00,-4.0,-6.3,84.0,330.0,54.0,32.2,100.34,,-14.0,Mostly Cloudy
2018-05-21 19:00:00,YUL,MONTREAL INTL A,EST,2018-05-22 00:00:00,22.4,5.2,32.0,300.0,8.0,48.3,101.37,,,Mostly Cloudy
2018-05-21 20:00:00,YUL,MONTREAL INTL A,EST,2018-05-22 01:00:00,19.7,7.5,45.0,210.0,10.0,24.1,101.44,,,Mostly Cloudy
2018-05-21 21:00:00,YUL,MONTREAL INTL A,EST,2018-05-22 02:00:00,17.8,7.7,51.0,270.0,13.0,24.1,101.5,,,Mostly Cloudy
2018-05-21 22:00:00,YUL,MONTREAL INTL A,EST,2018-05-22 03:00:00,16.9,6.8,51.0,240.0,14.0,24.1,101.51,,,Mostly Cloudy
2018-05-21 23:00:00,YUL,MONTREAL INTL A,EST,2018-05-22 04:00:00,16.5,4.5,45.0,250.0,13.0,24.1,101.54,,,Mostly Cloudy
2018-05-22 00:00:00,YUL,MONTREAL INTL A,EST,2018-05-22 05:00:00,16.3,4.8,46.0,220.0,10.0,24.1,101.55,,,Mostly Cloudy
2018-05-22 01:00:00,YUL,MONTREAL INTL A,EST,2018-05-22 06:00:00,14.8,6.4,57.0,230.0,12.0,24.1,101.55,,,Mostly Cloudy
2018-05-22 02:00:00,YUL,MONTREAL INTL A,EST,2018-05-22 07:00:00,14.6,4.9,52.0,240.0,7.0,24.1,101.54,,,Mostly Cloudy
2018-05-22 03:00:00,YUL,MONTREAL INTL A,EST,2018-05-22 08:00:00,14.8,5.3,53.0,230.0,8.0,24.1,101.5,,,Mostly Cloudy
2018-05-22 04:00:00,YUL,MONTREAL INTL A,EST,2018-05-22 09:00:00,12.9,5.7,61.0,240.0,4.0,24.1,101.49,,,Cloudy
2018-05-22 05:00:00,YUL,MONTREAL INTL A,EST,2018-05-22 10:00:00,13.5,6.9,64.0,140.0,9.0,24.1,101.49,,,Cloudy
2018-05-22 06:00:00,YUL,MONTREAL INTL A,EST,2018-05-22 11:00:00,14.7,7.8,63.0,80.0,5.0,24.1,101.44,,,Cloudy
2018-05-22 07:00:00,YUL,MONTREAL INTL A,EST,2018-05-22 12:00:00,16.8,7.8,55.0,130.0,5.0,24.1,101.4,,,Cloudy
2018-05-22 08:00:00,YUL,MONTREAL INTL A,EST,2018-05-22 13:00:00,19.7,8.0,46.0,130.0,14.0,48.3,101.35,,,Cloudy
2018-05-22 09:00:00,YUL,MONTREAL INTL A,EST,2018-05-22 14:00:00,20.8,9.3,47.0,160.0,16.0,48.3,101.31,,,Cloudy
2018-05-22 10:00:00,YUL,MONTREAL INTL A,EST,2018-05-22 15:00:00,21.4,10.0,48.0,160.0,9.0,24.1,101.24,,,Cloudy
2018-05-22 11:00:00,YUL,MONTREAL INTL A,EST,2018-05-22 16:00:00,22.2,11.9,52.0,170.0,8.0,48.3,101.2,,,Cloudy
2018-05-22 12:00:00,YUL,MONTREAL INTL A,EST,2018-05-22 17:00:00,22.4,9.4,43.0,220.0,13.0,48.3,101.17,,,Cloudy
2018-05-22 13:00:00,YUL,MONTREAL INTL A,EST,2018-05-22 18:00:00,18.8,11.4,62.0,250.0,22.0,24.1,101.19,,,Rain
2018-05-22 14:00:00,YUL,MONTREAL INTL A,EST,2018-05-22 19:00:00,16.9,12.9,77.0,300.0,9.0,24.1,101.15,,,Rain
2018-05-22 15:00:00,YUL,MONTREAL INTL A,EST,2018-05-22 20:00:00,17.0,13.4,80.0,50.0,7.0,24.1,101.04,,,Rain
2018-05-22 16:00:00,YUL,MONTREAL INTL A,EST,2018-05-22 21:00:00,16.9,12.8,77.0,150.0,24.0,24.1,100.95,,,Rain
2018-05-22 17:00:00,YUL,MONTREAL INTL A,EST,2018-05-22 22:00:00,16.1,12.3,78.0,160.0,25.0,24.1,100.9,,,Rain
2018-05-22 18:00:00,YUL,MONTREAL INTL A,EST,2018-05-22 23:00:00,15.6,12.5,82.0,150.0,18.0,24.1,100.83,,,Rain
2018-05-21 19:00:00,YOW,OTTAWA INTL A,EST,2018-05-22 00:00:00,22.1,5.5,34.0,320.0,14.0,24.1,100.53,,,Mostly Cloudy
2018-05-21 20:00:00,YOW,OTTAWA INTL A,EST,2018-05-22 01:00:00,19.4,8.9,50.0,180.0,12.0,24.1,100.59,,,Mostly Cloudy
2018-05-21 21:00:00,YOW,OTTAWA INTL A,EST,2018-05-22 02:00:00,17.7,9.0,56.0,190.0,10.0,24.1,100.61,,,Mostly Cloudy
2018-05-21 22:00:00,YOW,OTTAWA INTL A,EST,2018-05-22 03:00:00,14.0,8.4,69.0,170.0,7.0,24.1,100.63,,,Clear
2018-05-21 23:00:00,YOW,OTTAWA INTL A,EST,2018-05-22 04:00:00,15.3,8.5,63.0,190.0,13.0,24.1,100.65,,,Clear
2018-05-22 00:00:00,YOW,OTTAWA INTL A,EST,2018-05-22 05:00:00,14.7,8.1,65.0,190.0,13.0,24.1,100.64,,,Clear
2018-05-22 01:00:00,YOW,OTTAWA INTL A,EST,2018-05-22 06:00:00,13.3,7.9,70.0,200.0,10.0,24.1,100.6,,,Mainly Clear
2018-05-22 02:00:00,YOW,OTTAWA INTL A,EST,2018-05-22 07:00:00,13.2,7.5,68.0,180.0,11.0,24.1,100.58,,,Mainly Clear
2018-05-22 03:00:00,YOW,OTTAWA INTL A,EST,2018-05-22 08:00:00,12.3,7.6,73.0,180.0,10.0,24.1,100.53,,,Mainly Clear
2018-05-22 04:00:00,YOW,OTTAWA INTL A,EST,2018-05-22 09:00:00,12.3,7.4,72.0,170.0,6.0,24.1,100.51,,,Mostly Cloudy
2018-05-22 05:00:00,YOW,OTTAWA INTL A,EST,2018-05-22 10:00:00,12.3,8.0,75.0,70.0,7.0,24.1,100.44,,,Mostly Cloudy
2018-05-22 06:00:00,YOW,OTTAWA INTL A,EST,2018-05-22 11:00:00,12.7,8.3,74.0,110.0,5.0,24.1,100.41,,,Mostly Cloudy
2018-05-22 07:00:00,YOW,OTTAWA INTL A,EST,2018-05-22 12:00:00,14.9,7.8,62.0,200.0,11.0,24.1,100.45,,,Mostly Cloudy
2018-05-22 08:00:00,YOW,OTTAWA INTL A,EST,2018-05-22 13:00:00,17.1,7.2,51.0,360.0,2.0,24.1,100.42,,,Mostly Cloudy
2018-05-22 09:00:00,YOW,OTTAWA INTL A,EST,2018-05-22 14:00:00,18.0,8.2,52.0,140.0,7.0,24.1,100.37,,,Mostly Cloudy
2018-05-22 10:00:00,YOW,OTTAWA INTL A,EST,2018-05-22 15:00:00,16.9,9.6,62.0,180.0,8.0,24.1,100.36,,,Cloudy
2018-05-22 11:00:00,YOW,OTTAWA INTL A,EST,2018-05-22 16:00:00,14.8,12.2,84.0,210.0,8.0,16.1,100.43,,,Rain
2018-05-22 12:00:00,YOW,OTTAWA INTL A,EST,2018-05-22 17:00:00,15.7,13.6,87.0,250.0,6.0,24.1,100.4,,,Rain
2018-05-22 13:00:00,YOW,OTTAWA INTL A,EST,2018-05-22 18:00:00,17.2,12.6,74.0,360.0,2.0,24.1,100.28,,,Cloudy
2018-05-22 14:00:00,YOW,OTTAWA INTL A,EST,2018-05-22 19:00:00,16.9,11.3,69.0,360.0,2.0,24.1,100.12,,,Cloudy
2018-05-22 15:00:00,YOW,OTTAWA INTL A,EST,2018-05-22 20:00:00,16.7,12.0,74.0,100.0,9.0,24.1,100.01,,,Cloudy
2018-05-22 16:00:00,YOW,OTTAWA INTL A,EST,2018-05-22 21:00:00,16.2,12.1,76.0,100.0,8.0,24.1,99.96,,,Cloudy
2018-05-22 17:00:00,YOW,OTTAWA INTL A,EST,2018-05-22 22:00:00,14.8,13.3,91.0,140.0,12.0,24.1,99.91,,,Rain
2018-05-22 18:00:00,YOW,OTTAWA INTL A,EST,2018-05-22 23:00:00,14.4,13.4,94.0,120.0,11.0,24.1,99.87,,,Rain
2018-05-21 16:00:00,YXS,PRINCE GEORGE,PST,2018-05-22 00:00:00,20.5,5.0,36.0,250.0,11.0,16.1,93.35,,,Rain
2018-05-21 17:00:00,YXS,PRINCE GEORGE,PST,2018-05-22 01:00:00,20.7,5.2,36.0,240.0,8.0,16.1,93.31,,,Rain
2018-05-21 18:00:00,YXS,PRINCE GEORGE,PST,2018-05-22 02:00:00,20.3,4.6,35.0,,0.0,16.1,93.28,,,Rain
2018-05-21 19:00:00,YXS,PRINCE GEORGE,PST,2018-05-22 03:00:00,19.8,5.2,38.0,,4.0,16.1,93.27,,,Rain
2018-05-21 20:00:00,YXS,PRINCE GEORGE,PST,2018-05-22 04:00:00,15.0,6.6,57.0,10.0,5.0,16.1,93.28,,,Rain
2018-05-21 21:00:00,YXS,PRINCE GEORGE,PST,2018-05-22 05:00:00,10.3,6.4,76.0,,4.0,16.1,93.31,,,Rain
2018-05-21 22:00:00,YXS,PRINCE GEORGE,PST,2018-05-22 06:00:00,9.9,6.1,77.0,,4.0,16.1,93.31,,,Rain
2018-05-21 23:00:00,YXS,PRINCE GEORGE,PST,2018-05-22 07:00:00,8.3,5.5,83.0,,0.0,16.1,93.3,,,Rain
2018-05-22 00:00:00,YXS,PRINCE GEORGE,PST,2018-05-22 08:00:00,6.9,5.1,88.0,90.0,4.0,16.1,93.29,,,Rain
2018-05-22 01:00:00,YXS,PRINCE GEORGE,PST,2018-05-22 09:00:00,7.0,4.9,86.0,,0.0,16.1,93.3,,,Rain
2018-05-22 02:00:00,YXS,PRINCE GEORGE,PST,2018-05-22 10:00:00,6.4,4.8,89.0,10.0,8.0,16.1,93.33,,,Rain
2018-05-22 03:00:00,YXS,PRINCE GEORGE,PST,2018-05-22 11:00:00,4.9,3.5,91.0,160.0,4.0,16.1,93.37,,,Rain
2018-05-22 04:00:00,YXS,PRINCE GEORGE,PST,2018-05-22 12:00:00,4.4,3.4,93.0,,0.0,16.1,93.38,,,Rain
2018-05-22 05:00:00,YXS,PRINCE GEORGE,PST,2018-05-22 13:00:00,4.2,3.6,96.0,130.0,5.0,16.1,93.43,,,Rain
2018-05-22 06:00:00,YXS,PRINCE GEORGE,PST,2018-05-22 14:00:00,8.3,6.1,86.0,130.0,5.0,16.1,93.44,,,Rain
2018-05-22 07:00:00,YXS,PRINCE GEORGE,PST,2018-05-22 15:00:00,11.2,7.3,77.0,,0.0,16.1,93.44,,,Rain
2018-05-22 08:00:00,YXS,PRINCE GEORGE,PST,2018-05-22 16:00:00,13.6,7.7,67.0,,5.0,16.1,93.42,,,Rain
2018-05-22 09:00:00,YXS,PRINCE GEORGE,PST,2018-05-22 17:00:00,15.5,8.2,62.0,40.0,5.0,11.3,93.42,,,Rain
2018-05-22 10:00:00,YXS,PRINCE GEORGE,PST,2018-05-22 18:00:00,17.7,7.6,51.0,,5.0,16.1,93.35,,,Rain
2018-05-22 11:00:00,YXS,PRINCE GEORGE,PST,2018-05-22 19:00:00,21.0,8.7,45.0,,4.0,16.1,93.3,,,Rain
2018-05-22 12:00:00,YXS,PRINCE GEORGE,PST,2018-05-22 20:00:00,22.2,8.3,40.0,160.0,9.0,16.1,93.22,,,Rain
2018-05-22 13:00:00,YXS,PRINCE GEORGE,PST,2018-05-22 21:00:00,24.5,8.3,35.0,210.0,13.0,16.1,93.15,25.0,,Rain
2018-05-22 14:00:00,YXS,PRINCE GEORGE,PST,2018-05-22 22:00:00,25.6,6.4,29.0,200.0,18.0,16.1,93.08,25.0,,Rain
2018-05-22 15:00:00,YXS,PRINCE GEORGE,PST,2018-05-22 23:00:00,25.9,2.7,22.0,210.0,18.0,16.1,93.04,,,Rain
2018-05-21 19:00:00,YQB,QUEBEC INTL A,EST,2018-05-22 00:00:00,18.4,-0.6,27.0,330.0,6.0,48.3,100.86,,,Mainly Clear
2018-05-21 20:00:00,YQB,QUEBEC INTL A,EST,2018-05-22 01:00:00,15.5,-0.1,34.0,350.0,4.0,48.3,100.93,,,Mainly Clear
2018-05-21 21:00:00,YQB,QUEBEC INTL A,EST,2018-05-22 02:00:00,11.5,0.0,45.0,360.0,2.0,24.1,101.0,,,Mainly Clear
2018-05-21 22:00:00,YQB,QUEBEC INTL A,EST,2018-05-22 03:00:00,10.1,1.5,55.0,90.0,3.0,24.1,100.98,,,Clear
2018-05-21 23:00:00,YQB,QUEBEC INTL A,EST,2018-05-22 04:00:00,8.2,4.3,76.0,40.0,6.0,24.1,101.01,,,Clear
2018-05-22 00:00:00,YQB,QUEBEC INTL A,EST,2018-05-22 05:00:00,9.6,0.0,51.0,40.0,9.0,24.1,101.08,,,Clear
2018-05-22 01:00:00,YQB,QUEBEC INTL A,EST,2018-05-22 06:00:00,6.5,1.3,70.0,360.0,1.0,24.1,101.11,,,Clear
2018-05-22 02:00:00,YQB,QUEBEC INTL A,EST,2018-05-22 07:00:00,8.4,-0.5,54.0,360.0,9.0,24.1,101.1,,,Clear
2018-05-22 03:00:00,YQB,QUEBEC INTL A,EST,2018-05-22 08:00:00,7.6,-0.5,56.0,360.0,9.0,24.1,101.1,,,Clear
2018-05-22 04:00:00,YQB,QUEBEC INTL A,EST,2018-05-22 09:00:00,7.1,-0.2,60.0,360.0,7.0,48.3,101.07,,,Mostly Cloudy
2018-05-22 05:00:00,YQB,QUEBEC INTL A,EST,2018-05-22 10:00:00,7.7,-0.4,56.0,20.0,7.0,48.3,101.08,,,Mostly Cloudy
2018-05-22 06:00:00,YQB,QUEBEC INTL A,EST,2018-05-22 11:00:00,8.7,0.1,55.0,60.0,6.0,48.3,101.07,,,Mostly Cloudy
2018-05-22 07:00:00,YQB,QUEBEC INTL A,EST,2018-05-22 12:00:00,11.1,2.2,54.0,360.0,2.0,48.3,101.05,,,Mostly Cloudy
2018-05-22 08:00:00,YQB,QUEBEC INTL A,EST,2018-05-22 13:00:00,14.7,3.1,45.0,210.0,8.0,48.3,100.99,,,Mostly Cloudy
2018-05-22 09:00:00,YQB,QUEBEC INTL A,EST,2018-05-22 14:00:00,17.0,6.6,50.0,210.0,13.0,48.3,100.89,,,Mostly Cloudy
2018-05-22 10:00:00,YQB,QUEBEC INTL A,EST,2018-05-22 15:00:00,19.7,8.5,48.0,240.0,14.0,48.3,100.82,,,Mostly Cloudy
2018-05-22 11:00:00,YQB,QUEBEC INTL A,EST,2018-05-22 16:00:00,22.3,8.4,40.0,250.0,18.0,48.3,100.72,,,Mostly Cloudy
2018-05-22 12:00:00,YQB,QUEBEC INTL A,EST,2018-05-22 17:00:00,24.7,9.8,38.0,240.0,22.0,48.3,100.6,26.0,,Mostly Cloudy
2018-05-22 13:00:00,YQB,QUEBEC INTL A,EST,2018-05-22 18:00:00,25.4,8.6,34.0,240.0,25.0,48.3,100.47,26.0,,Mostly Cloudy
2018-05-22 14:00:00,YQB,QUEBEC INTL A,EST,2018-05-22 19:00:00,25.6,6.9,30.0,240.0,31.0,48.3,100.34,26.0,,Mostly Cloudy
2018-05-22 15:00:00,YQB,QUEBEC INTL A,EST,2018-05-22 20:00:00,24.9,6.9,31.0,240.0,28.0,40.2,100.29,25.0,,Mostly Cloudy
2018-05-22 16:00:00,YQB,QUEBEC INTL A,EST,2018-05-22 21:00:00,23.5,8.7,38.0,240.0,39.0,32.2,100.27,,,Mostly Cloudy
2018-05-22 17:00:00,YQB,QUEBEC INTL A,EST,2018-05-22 22:00:00,21.3,9.0,45.0,240.0,27.0,24.1,100.31,,,Mostly Cloudy
2018-05-22 18:00:00,YQB,QUEBEC INTL A,EST,2018-05-22 23:00:00,19.3,9.4,52.0,240.0,23.0,40.2,100.32,,,Mostly Cloudy
2018-05-21 18:00:00,YQR,REGINA INTL A,CST,2018-05-22 00:00:00,26.9,5.1,24.0,360.0,1.0,24.1,94.12,26.0,,Mostly Cloudy
2018-05-21 19:00:00,YQR,REGINA INTL A,CST,2018-05-22 01:00:00,25.6,6.9,30.0,130.0,9.0,24.1,94.09,26.0,,Mostly Cloudy
2018-05-21 20:00:00,YQR,REGINA INTL A,CST,2018-05-22 02:00:00,24.7,5.8,29.0,120.0,8.0,24.1,94.09,,,Mostly Cloudy
2018-05-21 21:00:00,YQR,REGINA INTL A,CST,2018-05-22 03:00:00,22.5,6.0,34.0,140.0,10.0,24.1,94.11,,,Mostly Cloudy
2018-05-21 22:00:00,YQR,REGINA INTL A,CST,2018-05-22 04:00:00,20.4,4.3,34.0,230.0,4.0,24.1,94.14,,,Mostly Cloudy
2018-05-21 23:00:00,YQR,REGINA INTL A,CST,2018-05-22 05:00:00,20.0,5.0,37.0,240.0,11.0,24.1,94.17,,,Mostly Cloudy
2018-05-22 00:00:00,YQR,REGINA INTL A,CST,2018-05-22 06:00:00,18.2,5.9,44.0,290.0,11.0,24.1,94.19,,,Cloudy
2018-05-22 01:00:00,YQR,REGINA INTL A,CST,2018-05-22 07:00:00,17.8,6.2,46.0,310.0,16.0,24.1,94.27,,,Rain Showers
2018-05-22 02:00:00,YQR,REGINA INTL A,CST,2018-05-22 08:00:00,17.3,6.6,49.0,290.0,10.0,24.1,94.31,,,Rain Showers
2018-05-22 03:00:00,YQR,REGINA INTL A,CST,2018-05-22 09:00:00,15.3,6.6,56.0,220.0,8.0,24.1,94.32,,,Mostly Cloudy
2018-05-22 04:00:00,YQR,REGINA INTL A,CST,2018-05-22 10:00:00,13.2,4.9,57.0,210.0,8.0,24.1,94.32,,,Mostly Cloudy
2018-05-22 05:00:00,YQR,REGINA INTL A,CST,2018-05-22 11:00:00,9.8,4.6,70.0,200.0,11.0,24.1,94.37,,,Mostly Cloudy
2018-05-22 06:00:00,YQR,REGINA INTL A,CST,2018-05-22 12:00:00,10.1,6.0,75.0,360.0,1.0,24.1,94.4,,,Mainly Clear
2018-05-22 07:00:00,YQR,REGINA INTL A,CST,2018-05-22 13:00:00,15.1,7.5,60.0,330.0,8.0,24.1,94.47,,,Mainly Clear
2018-05-22 08:00:00,YQR,REGINA INTL A,CST,2018-05-22 14:00:00,18.6,8.2,50.0,350.0,8.0,24.1,94.5,,,Mainly Clear
2018-05-22 09:00:00,YQR,REGINA INTL A,CST,2018-05-22 15:00:00,22.1,8.8,42.0,20.0,5.0,24.1,94.46,,,Mainly Clear
2018-05-22 10:00:00,YQR,REGINA INTL A,CST,2018-05-22 16:00:00,23.4,7.9,37.0,10.0,8.0,24.1,94.48,,,Mainly Clear
2018-05-22 11:00:00,YQR,REGINA INTL A,CST,2018-05-22 17:00:00,24.8,7.4,33.0,60.0,5.0,24.1,94.5,25.0,,Mainly Clear
2018-05-22 12:00:00,YQR,REGINA INTL A,CST,2018-05-22 18:00:00,26.5,8.1,31.0,360.0,5.0,24.1,94.49,27.0,,Mainly Clear
2018-05-22 13:00:00,YQR,REGINA INTL A,CST,2018-05-22 19:00:00,27.3,6.2,26.0,330.0,5.0,24.1,94.46,27.0,,Mainly Clear
2018-05-22 14:00:00,YQR,REGINA INTL A,CST,2018-05-22 20:00:00,28.6,5.6,23.0,320.0,21.0,24.1,94.42,28.0,,Mainly Clear
2018-05-22 15:00:00,YQR,REGINA INTL A,CST,2018-05-22 21:00:00,27.8,5.4,24.0,270.0,5.0,24.1,94.38,27.0,,Mostly Cloudy
2018-05-22 16:00:00,YQR,REGINA INTL A,CST,2018-05-22 22:00:00,27.6,6.2,25.0,60.0,10.0,24.1,94.38,27.0,,Mostly Cloudy
2018-05-22 17:00:00,YQR,REGINA INTL A,CST,2018-05-22 23:00:00,28.5,5.5,23.0,110.0,20.0,24.1,94.42,28.0,,Mostly Cloudy
2018-05-21 18:00:00,YXE,SASKATOON INTL A,CST,2018-05-22 00:00:00,28.6,4.9,22.0,310.0,26.0,24.1,94.79,28.0,,Mostly Cloudy
2018-05-21 19:00:00,YXE,SASKATOON INTL A,CST,2018-05-22 01:00:00,28.5,4.7,22.0,310.0,19.0,24.1,94.8,28.0,,Mostly Cloudy
2018-05-21 20:00:00,YXE,SASKATOON INTL A,CST,2018-05-22 02:00:00,24.4,3.8,26.0,310.0,19.0,24.1,94.84,,,Mostly Cloudy
2018-05-21 21:00:00,YXE,SASKATOON INTL A,CST,2018-05-22 03:00:00,19.4,4.7,37.0,310.0,15.0,24.1,94.88,,,Mostly Cloudy
2018-05-21 22:00:00,YXE,SASKATOON INTL A,CST,2018-05-22 04:00:00,15.5,4.8,48.0,320.0,10.0,24.1,94.95,,,Mostly Cloudy
2018-05-21 23:00:00,YXE,SASKATOON INTL A,CST,2018-05-22 05:00:00,17.6,5.5,45.0,50.0,17.0,24.1,94.99,,,Mostly Cloudy
2018-05-22 00:00:00,YXE,SASKATOON INTL A,CST,2018-05-22 06:00:00,16.0,6.1,52.0,70.0,10.0,24.1,95.05,,,Mainly Clear
2018-05-22 01:00:00,YXE,SASKATOON INTL A,CST,2018-05-22 07:00:00,13.1,5.8,61.0,30.0,11.0,24.1,95.08,,,Mainly Clear
2018-05-22 02:00:00,YXE,SASKATOON INTL A,CST,2018-05-22 08:00:00,12.3,6.2,66.0,360.0,11.0,24.1,95.08,,,Mainly Clear
2018-05-22 03:00:00,YXE,SASKATOON INTL A,CST,2018-05-22 09:00:00,12.3,7.0,70.0,20.0,16.0,24.1,95.14,,,Mainly Clear
2018-05-22 04:00:00,YXE,SASKATOON INTL A,CST,2018-05-22 10:00:00,12.2,8.2,76.0,20.0,16.0,24.1,95.21,,,Mainly Clear
2018-05-22 05:00:00,YXE,SASKATOON INTL A,CST,2018-05-22 11:00:00,12.1,8.6,79.0,60.0,16.0,24.1,95.21,,,Mainly Clear
2018-05-22 06:00:00,YXE,SASKATOON INTL A,CST,2018-05-22 12:00:00,15.2,9.5,69.0,310.0,20.0,19.3,95.26,,,Mostly Cloudy
2018-05-22 07:00:00,YXE,SASKATOON INTL A,CST,2018-05-22 13:00:00,14.0,9.9,76.0,280.0,9.0,24.1,95.32,,,"Thunderstorms,Rain Showers"
2018-05-22 08:00:00,YXE,SASKATOON INTL A,CST,2018-05-22 14:00:00,14.2,10.5,78.0,260.0,10.0,24.1,95.39,,,"Thunderstorms,Rain Showers"
2018-05-22 09:00:00,YXE,SASKATOON INTL A,CST,2018-05-22 15:00:00,16.0,10.3,69.0,280.0,8.0,24.1,95.45,,,Mostly Cloudy
2018-05-22 10:00:00,YXE,SASKATOON INTL A,CST,2018-05-22 16:00:00,17.8,10.6,62.0,30.0,4.0,24.1,95.48,,,Mostly Cloudy
2018-05-22 11:00:00,YXE,SASKATOON INTL A,CST,2018-05-22 17:00:00,21.6,8.2,42.0,80.0,4.0,24.1,95.51,,,Mostly Cloudy
2018-05-22 12:00:00,YXE,SASKATOON INTL A,CST,2018-05-22 18:00:00,23.7,7.2,34.0,140.0,4.0,24.1,95.49,,,Mainly Clear
2018-05-22 13:00:00,YXE,SASKATOON INTL A,CST,2018-05-22 19:00:00,24.4,6.1,30.0,350.0,7.0,24.1,95.48,,,Mainly Clear
2018-05-22 14:00:00,YXE,SASKATOON INTL A,CST,2018-05-22 20:00:00,25.5,5.8,28.0,80.0,10.0,24.1,95.46,25.0,,Mainly Clear
2018-05-22 15:00:00,YXE,SASKATOON INTL A,CST,2018-05-22 21:00:00,26.6,5.4,25.0,40.0,13.0,24.1,95.44,26.0,,Mostly Cloudy
2018-05-22 16:00:00,YXE,SASKATOON INTL A,CST,2018-05-22 22:00:00,26.1,5.8,27.0,360.0,6.0,24.1,95.39,26.0,,Mostly Cloudy
2018-05-22 17:00:00,YXE,SASKATOON INTL A,CST,2018-05-22 23:00:00,26.3,4.7,25.0,80.0,12.0,24.1,95.39,25.0,,Mostly Cloudy
2018-05-21 20:30:00,YYT,ST. JOHN'S INTL A,NST,2018-05-22 00:00:00,3.0,0.5,84.0,180.0,13.0,24.1,99.27,,,Mostly Cloudy
2018-05-21 21:30:00,YYT,ST. JOHN'S INTL A,NST,2018-05-22 01:00:00,7.0,-1.3,56.0,250.0,22.0,24.1,99.18,,,Mostly Cloudy
2018-05-21 22:30:00,YYT,ST. JOHN'S INTL A,NST,2018-05-22 02:00:00,7.8,-0.8,55.0,240.0,32.0,24.1,99.16,,,Mostly Cloudy
2018-05-21 23:30:00,YYT,ST. JOHN'S INTL A,NST,2018-05-22 03:00:00,6.2,2.0,74.0,260.0,27.0,24.1,99.11,,,Mostly Cloudy
2018-05-22 00:30:00,YYT,ST. JOHN'S INTL A,NST,2018-05-22 04:00:00,5.9,2.7,80.0,240.0,22.0,24.1,99.0,,,Mostly Cloudy
2018-05-22 01:30:00,YYT,ST. JOHN'S INTL A,NST,2018-05-22 05:00:00,5.5,2.3,80.0,270.0,23.0,24.1,98.99,,,Mostly Cloudy
2018-05-22 02:30:00,YYT,ST. JOHN'S INTL A,NST,2018-05-22 06:00:00,4.6,2.5,86.0,260.0,30.0,24.1,98.94,,,Mainly Clear
2018-05-22 03:30:00,YYT,ST. JOHN'S INTL A,NST,2018-05-22 07:00:00,3.6,2.5,92.0,270.0,26.0,24.1,98.95,,,Mainly Clear
2018-05-22 04:30:00,YYT,ST. JOHN'S INTL A,NST,2018-05-22 08:00:00,3.7,2.5,92.0,280.0,31.0,24.1,98.94,,,Mainly Clear
2018-05-22 05:30:00,YYT,ST. JOHN'S INTL A,NST,2018-05-22 09:00:00,4.0,2.4,90.0,280.0,33.0,24.1,99.02,,,Cloudy
2018-05-22 06:30:00,YYT,ST. JOHN'S INTL A,NST,2018-05-22 10:00:00,5.1,2.2,81.0,290.0,31.0,24.1,99.15,,,Cloudy
2018-05-22 07:30:00,YYT,ST. JOHN'S INTL A,NST,2018-05-22 11:00:00,5.3,2.0,79.0,290.0,33.0,24.1,99.28,,,Cloudy
2018-05-22 08:30:00,YYT,ST. JOHN'S INTL A,NST,2018-05-22 12:00:00,5.3,2.4,81.0,300.0,29.0,24.1,99.43,,,Cloudy
2018-05-22 09:30:00,YYT,ST. JOHN'S INTL A,NST,2018-05-22 13:00:00,4.4,2.2,85.0,350.0,33.0,24.1,99.61,,,Cloudy
2018-05-22 10:30:00,YYT,ST. JOHN'S INTL A,NST,2018-05-22 14:00:00,3.4,0.3,80.0,10.0,28.0,24.1,99.81,,,Cloudy
2018-05-22 11:30:00,YYT,ST. JOHN'S INTL A,NST,2018-05-22 15:00:00,3.9,0.1,76.0,30.0,28.0,24.1,99.93,,,Mostly Cloudy
2018-05-22 12:30:00,YYT,ST. JOHN'S INTL A,NST,2018-05-22 16:00:00,4.6,0.0,72.0,40.0,14.0,24.1,100.01,,,Mostly Cloudy
2018-05-22 13:30:00,YYT,ST. JOHN'S INTL A,NST,2018-05-22 17:00:00,5.1,-0.1,69.0,50.0,5.0,24.1,100.06,,,Mostly Cloudy
2018-05-22 14:30:00,YYT,ST. JOHN'S INTL A,NST,2018-05-22 18:00:00,5.4,-0.8,64.0,40.0,12.0,24.1,100.13,,,Mostly Cloudy
2018-05-22 15:30:00,YYT,ST. JOHN'S INTL A,NST,2018-05-22 19:00:00,6.0,-0.5,63.0,80.0,9.0,24.1,100.15,,,Mostly Cloudy
2018-05-22 16:30:00,YYT,ST. JOHN'S INTL A,NST,2018-05-22 20:00:00,5.9,-0.7,63.0,140.0,15.0,24.1,100.18,,,Mostly Cloudy
2018-05-22 17:30:00,YYT,ST. JOHN'S INTL A,NST,2018-05-22 21:00:00,3.9,-0.6,72.0,150.0,21.0,24.1,100.18,,,Mainly Clear
2018-05-22 18:30:00,YYT,ST. JOHN'S INTL A,NST,2018-05-22 22:00:00,3.9,-1.1,70.0,180.0,22.0,24.1,100.17,,,Mainly Clear
2018-05-22 19:30:00,YYT,ST. JOHN'S INTL A,NST,2018-05-22 23:00:00,3.2,-0.3,78.0,200.0,28.0,24.1,100.13,,,Mainly Clear
2018-05-21 19:00:00,YQT,THUNDER BAY A,EST,2018-05-22 00:00:00,17.3,1.7,35.0,80.0,14.0,32.2,99.26,,,Mostly Cloudy
2018-05-21 20:00:00,YQT,THUNDER BAY A,EST,2018-05-22 01:00:00,13.1,2.7,49.0,50.0,8.0,32.2,99.24,,,Mostly Cloudy
2018-05-21 21:00:00,YQT,THUNDER BAY A,EST,2018-05-22 02:00:00,9.3,2.2,61.0,50.0,9.0,24.1,99.22,,,Mostly Cloudy
2018-05-21 22:00:00,YQT,THUNDER BAY A,EST,2018-05-22 03:00:00,8.8,2.2,63.0,50.0,8.0,24.1,99.24,,,Mostly Cloudy
2018-05-21 23:00:00,YQT,THUNDER BAY A,EST,2018-05-22 04:00:00,8.0,2.0,66.0,30.0,7.0,24.1,99.21,,,Mostly Cloudy
2018-05-22 00:00:00,YQT,THUNDER BAY A,EST,2018-05-22 05:00:00,5.1,1.4,77.0,280.0,3.0,24.1,99.19,,,Mostly Cloudy
2018-05-22 01:00:00,YQT,THUNDER BAY A,EST,2018-05-22 06:00:00,4.2,1.6,83.0,260.0,5.0,24.1,99.18,,,Mainly Clear
2018-05-22 02:00:00,YQT,THUNDER BAY A,EST,2018-05-22 07:00:00,2.6,0.7,87.0,270.0,5.0,24.1,99.15,,,Mainly Clear
2018-05-22 03:00:00,YQT,THUNDER BAY A,EST,2018-05-22 08:00:00,2.0,0.9,92.0,300.0,5.0,24.1,99.16,,,Mainly Clear
2018-05-22 04:00:00,YQT,THUNDER BAY A,EST,2018-05-22 09:00:00,1.3,0.0,91.0,280.0,7.0,24.1,99.15,,,Mainly Clear
2018-05-22 05:00:00,YQT,THUNDER BAY A,EST,2018-05-22 10:00:00,0.9,-0.1,93.0,290.0,9.0,32.2,99.16,,,Mainly Clear
2018-05-22 06:00:00,YQT,THUNDER BAY A,EST,2018-05-22 11:00:00,2.5,1.2,91.0,270.0,9.0,32.2,99.16,,,Mainly Clear
2018-05-22 07:00:00,YQT,THUNDER BAY A,EST,2018-05-22 12:00:00,7.7,3.1,73.0,250.0,10.0,32.2,99.19,,,Mainly Clear
2018-05-22 08:00:00,YQT,THUNDER BAY A,EST,2018-05-22 13:00:00,13.9,4.8,54.0,240.0,10.0,32.2,99.19,,,Mainly Clear
2018-05-22 09:00:00,YQT,THUNDER BAY A,EST,2018-05-22 14:00:00,18.8,6.1,43.0,250.0,13.0,32.2,99.15,,,Mainly Clear
2018-05-22 10:00:00,YQT,THUNDER BAY A,EST,2018-05-22 15:00:00,21.9,4.7,32.0,260.0,13.0,32.2,99.13,,,Mainly Clear
2018-05-22 11:00:00,YQT,THUNDER BAY A,EST,2018-05-22 16:00:00,24.5,3.3,25.0,200.0,4.0,32.2,99.1,,,Mainly Clear
2018-05-22 12:00:00,YQT,THUNDER BAY A,EST,2018-05-22 17:00:00,26.1,0.1,18.0,340.0,5.0,32.2,99.08,,,Mainly Clear
2018-05-22 13:00:00,YQT,THUNDER BAY A,EST,2018-05-22 18:00:00,26.8,0.7,18.0,350.0,10.0,32.2,99.05,25.0,,Mostly Cloudy
2018-05-22 14:00:00,YQT,THUNDER BAY A,EST,2018-05-22 19:00:00,28.2,0.8,17.0,240.0,22.0,32.2,99.01,26.0,,Mostly Cloudy
2018-05-22 15:00:00,YQT,THUNDER BAY A,EST,2018-05-22 20:00:00,27.8,3.7,21.0,190.0,24.0,32.2,98.97,27.0,,Mostly Cloudy
2018-05-22 16:00:00,YQT,THUNDER BAY A,EST,2018-05-22 21:00:00,27.3,2.9,20.0,180.0,28.0,32.2,98.97,26.0,,Mostly Cloudy
2018-05-22 17:00:00,YQT,THUNDER BAY A,EST,2018-05-22 22:00:00,26.5,1.3,19.0,190.0,27.0,32.2,98.98,25.0,,Mostly Cloudy
2018-05-22 18:00:00,YQT,THUNDER BAY A,EST,2018-05-22 23:00:00,26.4,1.1,19.0,200.0,23.0,32.2,98.98,25.0,,Mostly Cloudy
2018-05-21 19:00:00,YYZ,TORONTO INTL A,EST,2018-05-22 00:00:00,20.1,2.1,30.0,40.0,7.0,24.1,99.98,,,Cloudy
2018-05-21 20:00:00,YYZ,TORONTO INTL A,EST,2018-05-22 01:00:00,19.1,3.2,34.0,30.0,10.0,24.1,99.94,,,Cloudy
2018-05-21 21:00:00,YYZ,TORONTO INTL A,EST,2018-05-22 02:00:00,19.1,2.5,33.0,50.0,8.0,24.1,99.89,,,Cloudy
2018-05-21 22:00:00,YYZ,TORONTO INTL A,EST,2018-05-22 03:00:00,18.2,3.9,38.0,140.0,3.0,24.1,99.88,,,Cloudy
2018-05-21 23:00:00,YYZ,TORONTO INTL A,EST,2018-05-22 04:00:00,15.9,4.3,46.0,70.0,11.0,24.1,99.8,,,Cloudy
2018-05-22 00:00:00,YYZ,TORONTO INTL A,EST,2018-05-22 05:00:00,14.1,2.4,45.0,170.0,8.0,24.1,99.78,,,Cloudy
2018-05-22 01:00:00,YYZ,TORONTO INTL A,EST,2018-05-22 06:00:00,13.8,3.2,49.0,200.0,7.0,24.1,99.77,,,Rain
2018-05-22 02:00:00,YYZ,TORONTO INTL A,EST,2018-05-22 07:00:00,13.7,5.2,56.0,150.0,4.0,24.1,99.69,,,Rain
2018-05-22 03:00:00,YYZ,TORONTO INTL A,EST,2018-05-22 08:00:00,12.9,6.6,65.0,180.0,6.0,9.7,99.65,,,Rain
2018-05-22 04:00:00,YYZ,TORONTO INTL A,EST,2018-05-22 09:00:00,11.5,7.7,78.0,170.0,4.0,9.7,99.61,,,Rain
2018-05-22 05:00:00,YYZ,TORONTO INTL A,EST,2018-05-22 10:00:00,11.5,9.5,87.0,20.0,8.0,9.7,99.55,,,"Rain,Fog"
2018-05-22 06:00:00,YYZ,TORONTO INTL A,EST,2018-05-22 11:00:00,11.8,10.4,91.0,50.0,10.0,6.4,99.54,,,"Rain,Fog"
2018-05-22 07:00:00,YYZ,TORONTO INTL A,EST,2018-05-22 12:00:00,11.4,10.2,92.0,60.0,13.0,3.2,99.52,,,"Rain,Fog"
2018-05-22 08:00:00,YYZ,TORONTO INTL A,EST,2018-05-22 13:00:00,12.3,11.3,94.0,50.0,8.0,9.7,99.49,,,"Drizzle,Fog"
2018-05-22 09:00:00,YYZ,TORONTO INTL A,EST,2018-05-22 14:00:00,12.9,11.9,94.0,90.0,11.0,4.0,99.44,,,"Drizzle,Fog"
2018-05-22 10:00:00,YYZ,TORONTO INTL A,EST,2018-05-22 15:00:00,13.2,12.3,94.0,100.0,5.0,3.2,99.43,,,"Drizzle,Fog"
2018-05-22 11:00:00,YYZ,TORONTO INTL A,EST,2018-05-22 16:00:00,13.8,12.9,94.0,360.0,2.0,4.8,99.4,,,Fog
2018-05-22 12:00:00,YYZ,TORONTO INTL A,EST,2018-05-22 17:00:00,13.7,12.8,94.0,180.0,6.0,4.8,99.39,,,Fog
2018-05-22 13:00:00,YYZ,TORONTO INTL A,EST,2018-05-22 18:00:00,14.6,13.6,93.0,360.0,3.0,4.8,99.35,,,Fog
2018-05-22 14:00:00,YYZ,TORONTO INTL A,EST,2018-05-22 19:00:00,15.7,14.1,90.0,140.0,10.0,6.4,99.27,,,Fog
2018-05-22 15:00:00,YYZ,TORONTO INTL A,EST,2018-05-22 20:00:00,16.5,14.1,86.0,150.0,3.0,9.7,99.23,,,Fog
2018-05-22 16:00:00,YYZ,TORONTO INTL A,EST,2018-05-22 21:00:00,17.4,14.6,83.0,0.0,1.0,4.8,99.2,,,Fog
2018-05-22 17:00:00,YYZ,TORONTO INTL A,EST,2018-05-22 22:00:00,16.6,13.9,84.0,40.0,9.0,9.7,99.2,,,Fog
2018-05-22 18:00:00,YYZ,TORONTO INTL A,EST,2018-05-22 23:00:00,16.2,14.4,89.0,40.0,4.0,24.1,99.23,,,Fog
2018-05-21 16:00:00,YVR,VANCOUVER INTL A,PST,2018-05-22 00:00:00,18.7,11.4,62.0,220.0,11.0,48.3,101.61,,,Clear
2018-05-21 17:00:00,YVR,VANCOUVER INTL A,PST,2018-05-22 01:00:00,18.4,10.2,58.0,270.0,10.0,48.3,101.58,,,Clear
2018-05-21 18:00:00,YVR,VANCOUVER INTL A,PST,2018-05-22 02:00:00,17.7,10.4,62.0,240.0,13.0,48.3,101.53,,,Clear
2018-05-21 19:00:00,YVR,VANCOUVER INTL A,PST,2018-05-22 03:00:00,16.8,10.5,66.0,230.0,6.0,48.3,101.52,,,Clear
2018-05-21 20:00:00,YVR,VANCOUVER INTL A,PST,2018-05-22 04:00:00,14.0,10.7,80.0,360.0,1.0,48.3,101.5,,,Clear
2018-05-21 21:00:00,YVR,VANCOUVER INTL A,PST,2018-05-22 05:00:00,14.8,10.4,75.0,360.0,5.0,48.3,101.52,,,Clear
2018-05-21 22:00:00,YVR,VANCOUVER INTL A,PST,2018-05-22 06:00:00,13.5,9.3,76.0,0.0,1.0,32.2,101.52,,,Clear
2018-05-21 23:00:00,YVR,VANCOUVER INTL A,PST,2018-05-22 07:00:00,13.1,9.2,77.0,90.0,11.0,32.2,101.5,,,Clear
2018-05-22 00:00:00,YVR,VANCOUVER INTL A,PST,2018-05-22 08:00:00,12.9,10.2,84.0,80.0,8.0,32.2,101.53,,,Clear
2018-05-22 01:00:00,YVR,VANCOUVER INTL A,PST,2018-05-22 09:00:00,12.2,10.3,88.0,90.0,12.0,32.2,101.51,,,Clear
2018-05-22 02:00:00,YVR,VANCOUVER INTL A,PST,2018-05-22 10:00:00,12.0,9.9,87.0,90.0,9.0,32.2,101.51,,,Clear
2018-05-22 03:00:00,YVR,VANCOUVER INTL A,PST,2018-05-22 11:00:00,11.9,10.1,88.0,360.0,2.0,32.2,101.51,,,Clear
2018-05-22 04:00:00,YVR,VANCOUVER INTL A,PST,2018-05-22 12:00:00,10.4,9.9,97.0,360.0,2.0,48.3,101.51,,,Mainly Clear
2018-05-22 05:00:00,YVR,VANCOUVER INTL A,PST,2018-05-22 13:00:00,11.0,9.6,91.0,360.0,1.0,48.3,101.49,,,Mainly Clear
2018-05-22 06:00:00,YVR,VANCOUVER INTL A,PST,2018-05-22 14:00:00,13.0,11.7,92.0,360.0,2.0,48.3,101.51,,,Mainly Clear
2018-05-22 07:00:00,YVR,VANCOUVER INTL A,PST,2018-05-22 15:00:00,14.8,11.8,82.0,220.0,6.0,48.3,101.5,,,Clear
2018-05-22 08:00:00,YVR,VANCOUVER INTL A,PST,2018-05-22 16:00:00,15.8,11.9,78.0,250.0,10.0,48.3,101.49,,,Clear
2018-05-22 09:00:00,YVR,VANCOUVER INTL A,PST,2018-05-22 17:00:00,15.9,11.5,75.0,240.0,12.0,48.3,101.45,,,Clear
2018-05-22 10:00:00,YVR,VANCOUVER INTL A,PST,2018-05-22 18:00:00,16.1,12.7,80.0,240.0,15.0,48.3,101.42,,,Mainly Clear
2018-05-22 11:00:00,YVR,VANCOUVER INTL A,PST,2018-05-22 19:00:00,17.4,13.4,77.0,260.0,12.0,48.3,101.38,,,Mainly Clear
2018-05-22 12:00:00,YVR,VANCOUVER INTL A,PST,2018-05-22 20:00:00,18.2,12.1,68.0,240.0,12.0,48.3,101.31,,,Mainly Clear
2018-05-22 13:00:00,YVR,VANCOUVER INTL A,PST,2018-05-22 21:00:00,18.8,11.8,64.0,220.0,12.0,48.3,101.25,,,Clear
2018-05-22 14:00:00,YVR,VANCOUVER INTL A,PST,2018-05-22 22:00:00,19.5,12.2,62.0,250.0,12.0,48.3,101.18,,,Clear
2018-05-22 15:00:00,YVR,VANCOUVER INTL A,PST,2018-05-22 23:00:00,19.4,13.2,67.0,240.0,10.0,48.3,101.11,,,Clear
2018-05-21 16:00:00,YYJ,VICTORIA INTL A,PST,2018-05-22 00:00:00,19.1,9.9,55.0,120.0,15.0,32.2,101.44,,,Clear
2018-05-21 17:00:00,YYJ,VICTORIA INTL A,PST,2018-05-22 01:00:00,18.6,9.8,56.0,120.0,15.0,32.2,101.4,,,Clear
2018-05-21 18:00:00,YYJ,VICTORIA INTL A,PST,2018-05-22 02:00:00,17.8,9.9,59.0,120.0,14.0,48.3,101.36,,,Clear
2018-05-21 19:00:00,YYJ,VICTORIA INTL A,PST,2018-05-22 03:00:00,17.9,10.2,61.0,140.0,6.0,48.3,101.33,,,Clear
2018-05-21 20:00:00,YYJ,VICTORIA INTL A,PST,2018-05-22 04:00:00,16.3,9.9,66.0,360.0,1.0,48.3,101.32,,,Clear
2018-05-21 21:00:00,YYJ,VICTORIA INTL A,PST,2018-05-22 05:00:00,12.8,9.8,81.0,20.0,7.0,48.3,101.33,,,Clear
2018-05-21 22:00:00,YYJ,VICTORIA INTL A,PST,2018-05-22 06:00:00,12.3,9.4,82.0,320.0,3.0,48.3,101.33,,,Clear
2018-05-21 23:00:00,YYJ,VICTORIA INTL A,PST,2018-05-22 07:00:00,11.6,9.6,88.0,230.0,5.0,48.3,101.33,,,Clear
2018-05-22 00:00:00,YYJ,VICTORIA INTL A,PST,2018-05-22 08:00:00,10.8,9.5,92.0,260.0,5.0,48.3,101.32,,,Clear
2018-05-22 01:00:00,YYJ,VICTORIA INTL A,PST,2018-05-22 09:00:00,12.3,10.4,88.0,260.0,8.0,48.3,101.32,,,Clear
2018-05-22 02:00:00,YYJ,VICTORIA INTL A,PST,2018-05-22 10:00:00,10.0,9.1,94.0,250.0,4.0,48.3,101.32,,,Clear
2018-05-22 03:00:00,YYJ,VICTORIA INTL A,PST,2018-05-22 11:00:00,11.0,9.5,90.0,280.0,7.0,48.3,101.31,,,Clear
2018-05-22 04:00:00,YYJ,VICTORIA INTL A,PST,2018-05-22 12:00:00,10.3,9.2,93.0,240.0,4.0,48.3,101.31,,,Clear
2018-05-22 05:00:00,YYJ,VICTORIA INTL A,PST,2018-05-22 13:00:00,10.0,9.1,94.0,270.0,5.0,48.3,101.28,,,Clear
2018-05-22 06:00:00,YYJ,VICTORIA INTL A,PST,2018-05-22 14:00:00,12.6,10.7,88.0,260.0,9.0,48.3,101.3,,,Clear
2018-05-22 07:00:00,YYJ,VICTORIA INTL A,PST,2018-05-22 15:00:00,14.1,10.8,80.0,260.0,4.0,48.3,101.31,,,Clear
2018-05-22 08:00:00,YYJ,VICTORIA INTL A,PST,2018-05-22 16:00:00,16.1,11.1,72.0,360.0,3.0,32.2,101.29,,,Clear
2018-05-22 09:00:00,YYJ,VICTORIA INTL A,PST,2018-05-22 17:00:00,16.8,12.5,76.0,120.0,7.0,32.2,101.27,,,Clear
2018-05-22 10:00:00,YYJ,VICTORIA INTL A,PST,2018-05-22 18:00:00,18.5,10.8,60.0,110.0,9.0,32.2,101.22,,,Mainly Clear
2018-05-22 11:00:00,YYJ,VICTORIA INTL A,PST,2018-05-22 19:00:00,19.9,11.4,58.0,100.0,8.0,32.2,101.19,,,Mainly Clear
2018-05-22 12:00:00,YYJ,VICTORIA INTL A,PST,2018-05-22 20:00:00,20.5,11.6,56.0,90.0,12.0,32.2,101.12,,,Mainly Clear
2018-05-22 13:00:00,YYJ,VICTORIA INTL A,PST,2018-05-22 21:00:00,22.6,12.5,52.0,90.0,8.0,32.2,101.05,25.0,,Mainly Clear
2018-05-22 14:00:00,YYJ,VICTORIA INTL A,PST,2018-05-22 22:00:00,21.6,11.4,52.0,110.0,10.0,32.2,101.0,,,Mainly Clear
2018-05-22 15:00:00,YYJ,VICTORIA INTL A,PST,2018-05-22 23:00:00,22.3,11.7,50.0,130.0,12.0,48.3,100.93,,,Mainly Clear
2018-05-21 16:00:00,YXY,WHITEHORSE A,PST,2018-05-22 00:00:00,12.3,2.4,51.0,160.0,39.0,64.4,92.09,,,Rain Showers
2018-05-21 17:00:00,YXY,WHITEHORSE A,PST,2018-05-22 01:00:00,12.8,1.5,46.0,150.0,31.0,64.4,92.05,,,Rain Showers
2018-05-21 18:00:00,YXY,WHITEHORSE A,PST,2018-05-22 02:00:00,13.8,0.3,39.0,160.0,32.0,64.4,92.05,,,Rain Showers
2018-05-21 19:00:00,YXY,WHITEHORSE A,PST,2018-05-22 03:00:00,13.0,-0.4,40.0,130.0,28.0,64.4,92.03,,,Mostly Cloudy
2018-05-21 20:00:00,YXY,WHITEHORSE A,PST,2018-05-22 04:00:00,11.7,-0.4,43.0,150.0,26.0,64.4,92.1,,,Mostly Cloudy
2018-05-21 21:00:00,YXY,WHITEHORSE A,PST,2018-05-22 05:00:00,10.9,-0.4,45.0,150.0,14.0,64.4,92.11,,,Mostly Cloudy
2018-05-21 22:00:00,YXY,WHITEHORSE A,PST,2018-05-22 06:00:00,10.1,-1.3,45.0,160.0,18.0,64.4,92.16,,,Mainly Clear
2018-05-21 23:00:00,YXY,WHITEHORSE A,PST,2018-05-22 07:00:00,8.8,-0.6,51.0,170.0,22.0,24.1,92.19,,,Mainly Clear
2018-05-22 00:00:00,YXY,WHITEHORSE A,PST,2018-05-22 08:00:00,8.2,-0.1,56.0,160.0,25.0,24.1,92.21,,,Mainly Clear
2018-05-22 01:00:00,YXY,WHITEHORSE A,PST,2018-05-22 09:00:00,7.1,0.2,62.0,160.0,23.0,24.1,92.24,,,Mainly Clear
2018-05-22 02:00:00,YXY,WHITEHORSE A,PST,2018-05-22 10:00:00,5.7,0.6,70.0,180.0,10.0,24.1,92.22,,,Mainly Clear
2018-05-22 03:00:00,YXY,WHITEHORSE A,PST,2018-05-22 11:00:00,5.0,0.8,74.0,180.0,13.0,64.4,92.25,,,Mainly Clear
2018-05-22 04:00:00,YXY,WHITEHORSE A,PST,2018-05-22 12:00:00,4.8,0.5,73.0,170.0,16.0,64.4,92.25,,,Mostly Cloudy
2018-05-22 05:00:00,YXY,WHITEHORSE A,PST,2018-05-22 13:00:00,5.2,0.9,74.0,190.0,13.0,64.4,92.26,,,Mostly Cloudy
2018-05-22 06:00:00,YXY,WHITEHORSE A,PST,2018-05-22 14:00:00,5.5,1.1,73.0,200.0,9.0,64.4,92.29,,,Mostly Cloudy
2018-05-22 07:00:00,YXY,WHITEHORSE A,PST,2018-05-22 15:00:00,5.3,3.3,87.0,190.0,13.0,64.4,92.31,,,Rain Showers
2018-05-22 08:00:00,YXY,WHITEHORSE A,PST,2018-05-22 16:00:00,5.4,3.6,88.0,140.0,15.0,64.4,92.32,,,Rain Showers
2018-05-22 09:00:00,YXY,WHITEHORSE A,PST,2018-05-22 17:00:00,6.5,3.4,81.0,150.0,15.0,64.4,92.32,,,Rain Showers
2018-05-22 10:00:00,YXY,WHITEHORSE A,PST,2018-05-22 18:00:00,9.5,3.8,67.0,150.0,27.0,64.4,92.34,,,Mainly Clear
2018-05-22 11:00:00,YXY,WHITEHORSE A,PST,2018-05-22 19:00:00,10.8,2.4,56.0,150.0,17.0,64.4,92.35,,,Rain Showers
2018-05-22 12:00:00,YXY,WHITEHORSE A,PST,2018-05-22 20:00:00,10.9,-0.3,46.0,200.0,9.0,64.4,92.31,,,Rain Showers
2018-05-22 13:00:00,YXY,WHITEHORSE A,PST,2018-05-22 21:00:00,11.8,-2.6,37.0,150.0,27.0,64.4,92.29,,,Mostly Cloudy
2018-05-22 14:00:00,YXY,WHITEHORSE A,PST,2018-05-22 22:00:00,12.4,-2.7,35.0,150.0,19.0,64.4,92.32,,,Mostly Cloudy
2018-05-22 15:00:00,YXY,WHITEHORSE A,PST,2018-05-22 23:00:00,12.9,-3.2,32.0,160.0,27.0,64.4,92.34,,,Mostly Cloudy
2018-05-21 18:00:00,YWG,WINNIPEG INTL A,CST,2018-05-22 00:00:00,25.7,-2.7,15.0,210.0,18.0,24.1,98.4,,,Clear
2018-05-21 19:00:00,YWG,WINNIPEG INTL A,CST,2018-05-22 01:00:00,24.6,-2.0,17.0,210.0,19.0,24.1,98.38,,,Clear
2018-05-21 20:00:00,YWG,WINNIPEG INTL A,CST,2018-05-22 02:00:00,21.9,-2.1,20.0,200.0,15.0,24.1,98.38,,,Clear
2018-05-21 21:00:00,YWG,WINNIPEG INTL A,CST,2018-05-22 03:00:00,19.7,-1.8,23.0,200.0,15.0,24.1,98.41,,,Mainly Clear
2018-05-21 22:00:00,YWG,WINNIPEG INTL A,CST,2018-05-22 04:00:00,18.7,-2.0,24.0,200.0,16.0,24.1,98.43,,,Mainly Clear
2018-05-21 23:00:00,YWG,WINNIPEG INTL A,CST,2018-05-22 05:00:00,14.8,-0.9,34.0,170.0,15.0,24.1,98.42,,,Mainly Clear
2018-05-22 00:00:00,YWG,WINNIPEG INTL A,CST,2018-05-22 06:00:00,14.8,-0.3,35.0,180.0,16.0,24.1,98.42,,,Clear
2018-05-22 01:00:00,YWG,WINNIPEG INTL A,CST,2018-05-22 07:00:00,14.7,4.1,49.0,180.0,20.0,24.1,98.42,,,Clear
2018-05-22 02:00:00,YWG,WINNIPEG INTL A,CST,2018-05-22 08:00:00,14.0,6.5,60.0,190.0,17.0,24.1,98.42,,,Clear
2018-05-22 03:00:00,YWG,WINNIPEG INTL A,CST,2018-05-22 09:00:00,12.6,7.1,69.0,180.0,14.0,24.1,98.44,,,Mainly Clear
2018-05-22 04:00:00,YWG,WINNIPEG INTL A,CST,2018-05-22 10:00:00,12.6,8.2,75.0,180.0,14.0,24.1,98.48,,,Mainly Clear
2018-05-22 05:00:00,YWG,WINNIPEG INTL A,CST,2018-05-22 11:00:00,12.0,8.7,80.0,190.0,13.0,24.1,98.51,,,Mainly Clear
2018-05-22 06:00:00,YWG,WINNIPEG INTL A,CST,2018-05-22 12:00:00,13.8,9.8,77.0,180.0,17.0,19.3,98.55,,,Mostly Cloudy
2018-05-22 07:00:00,YWG,WINNIPEG INTL A,CST,2018-05-22 13:00:00,15.7,11.0,73.0,180.0,14.0,16.1,98.55,,,Mostly Cloudy
2018-05-22 08:00:00,YWG,WINNIPEG INTL A,CST,2018-05-22 14:00:00,18.5,12.1,66.0,190.0,16.0,16.1,98.57,,,Mostly Cloudy
2018-05-22 09:00:00,YWG,WINNIPEG INTL A,CST,2018-05-22 15:00:00,21.8,13.2,58.0,180.0,17.0,19.3,98.55,25.0,,Mainly Clear
2018-05-22 10:00:00,YWG,WINNIPEG INTL A,CST,2018-05-22 16:00:00,24.2,12.8,48.0,200.0,17.0,24.1,98.55,27.0,,Mainly Clear
2018-05-22 11:00:00,YWG,WINNIPEG INTL A,CST,2018-05-22 17:00:00,25.9,11.2,39.0,190.0,27.0,24.1,98.58,28.0,,Mainly Clear
2018-05-22 12:00:00,YWG,WINNIPEG INTL A,CST,2018-05-22 18:00:00,26.6,10.1,35.0,210.0,15.0,24.1,98.59,28.0,,Mostly Cloudy
2018-05-22 13:00:00,YWG,WINNIPEG INTL A,CST,2018-05-22 19:00:00,27.0,8.0,30.0,200.0,17.0,24.1,98.54,27.0,,Mostly Cloudy
2018-05-22 14:00:00,YWG,WINNIPEG INTL A,CST,2018-05-22 20:00:00,27.7,7.8,28.0,190.0,12.0,24.1,98.51,28.0,,Mostly Cloudy
2018-05-22 15:00:00,YWG,WINNIPEG INTL A,CST,2018-05-22 21:00:00,28.5,7.4,26.0,160.0,21.0,24.1,98.49,29.0,,Mostly Cloudy
2018-05-22 16:00:00,YWG,WINNIPEG INTL A,CST,2018-05-22 22:00:00,28.2,8.2,28.0,170.0,9.0,24.1,98.48,29.0,,Mostly Cloudy
2018-05-22 17:00:00,YWG,WINNIPEG INTL A,CST,2018-05-22 23:00:00,27.9,7.9,28.0,170.0,11.0,24.1,98.48,28.0,,Mostly Cloudy
2018-05-21 17:00:00,YZF,YELLOWKNIFE A,MST,2018-05-22 00:00:00,20.3,0.5,26.0,150.0,25.0,24.1,98.38,,,Mainly Clear
2018-05-21 18:00:00,YZF,YELLOWKNIFE A,MST,2018-05-22 01:00:00,20.3,1.4,28.0,140.0,26.0,24.1,98.32,,,Mainly Clear
2018-05-21 19:00:00,YZF,YELLOWKNIFE A,MST,2018-05-22 02:00:00,19.9,1.4,29.0,130.0,25.0,24.1,98.27,,,Mainly Clear
2018-05-21 20:00:00,YZF,YELLOWKNIFE A,MST,2018-05-22 03:00:00,18.4,1.6,32.0,120.0,19.0,24.1,98.24,,,Mostly Cloudy
2018-05-21 21:00:00,YZF,YELLOWKNIFE A,MST,2018-05-22 04:00:00,15.5,1.2,38.0,110.0,17.0,24.1,98.23,,,Mostly Cloudy
2018-05-21 22:00:00,YZF,YELLOWKNIFE A,MST,2018-05-22 05:00:00,14.5,0.6,39.0,130.0,22.0,24.1,98.17,,,Mostly Cloudy
2018-05-21 23:00:00,YZF,YELLOWKNIFE A,MST,2018-05-22 06:00:00,14.1,1.4,42.0,130.0,17.0,24.1,98.15,,,Mostly Cloudy
2018-05-22 00:00:00,YZF,YELLOWKNIFE A,MST,2018-05-22 07:00:00,14.1,1.8,43.0,140.0,23.0,24.1,98.1,,,Mostly Cloudy
2018-05-22 01:00:00,YZF,YELLOWKNIFE A,MST,2018-05-22 08:00:00,15.6,2.5,41.0,150.0,29.0,24.1,98.07,,,Mostly Cloudy
2018-05-22 02:00:00,YZF,YELLOWKNIFE A,MST,2018-05-22 09:00:00,14.4,2.8,45.0,150.0,31.0,24.1,98.04,,,Cloudy
2018-05-22 03:00:00,YZF,YELLOWKNIFE A,MST,2018-05-22 10:00:00,13.0,2.7,49.0,160.0,26.0,24.1,98.04,,,Cloudy
2018-05-22 04:00:00,YZF,YELLOWKNIFE A,MST,2018-05-22 11:00:00,11.3,2.7,55.0,160.0,28.0,24.1,97.96,,,Cloudy
2018-05-22 05:00:00,YZF,YELLOWKNIFE A,MST,2018-05-22 12:00:00,8.8,2.2,63.0,180.0,28.0,24.1,97.99,,,Mostly Cloudy
2018-05-22 06:00:00,YZF,YELLOWKNIFE A,MST,2018-05-22 13:00:00,7.0,1.8,70.0,170.0,23.0,24.1,98.01,,,Mostly Cloudy
2018-05-22 07:00:00,YZF,YELLOWKNIFE A,MST,2018-05-22 14:00:00,7.4,2.0,68.0,170.0,18.0,24.1,98.02,,,Mostly Cloudy
2018-05-22 08:00:00,YZF,YELLOWKNIFE A,MST,2018-05-22 15:00:00,8.5,2.5,66.0,180.0,12.0,24.1,98.02,,,Mostly Cloudy
2018-05-22 09:00:00,YZF,YELLOWKNIFE A,MST,2018-05-22 16:00:00,12.5,4.5,58.0,170.0,9.0,24.1,98.01,,,Mostly Cloudy
2018-05-22 10:00:00,YZF,YELLOWKNIFE A,MST,2018-05-22 17:00:00,15.9,5.4,49.0,190.0,10.0,24.1,98.0,,,Mostly Cloudy
2018-05-22 11:00:00,YZF,YELLOWKNIFE A,MST,2018-05-22 18:00:00,16.0,5.8,51.0,180.0,11.0,24.1,97.97,,,Mostly Cloudy
2018-05-22 12:00:00,YZF,YELLOWKNIFE A,MST,2018-05-22 19:00:00,17.7,6.1,46.0,190.0,15.0,24.1,97.97,,,Mostly Cloudy
2018-05-22 13:00:00,YZF,YELLOWKNIFE A,MST,2018-05-22 20:00:00,18.8,6.2,44.0,160.0,20.0,24.1,97.95,,,Mostly Cloudy
2018-05-22 14:00:00,YZF,YELLOWKNIFE A,MST,2018-05-22 21:00:00,21.1,5.5,36.0,170.0,14.0,24.1,97.9,,,Mostly Cloudy
2018-05-22 15:00:00,YZF,YELLOWKNIFE A,MST,2018-05-22 22:00:00,21.4,4.7,33.0,180.0,17.0,24.1,97.9,,,Mostly Cloudy
2018-05-22 16:00:00,YZF,YELLOWKNIFE A,MST,2018-05-22 23:00:00,23.1,4.9,30.0,200.0,16.0,24.1,97.89,,,Mostly Cloudy
